WP_032194733.1#1|Escherichia_coli	900	+	-	2	-4341	-3442	9195	10094	WP_063501483.1#1	NZ_SAGB01000041.1	GCF_004172265.1
WP_032194733.1#1|Escherichia_coli	297	+	-	1	-3409	-3113	10127	10423	WP_112844292.1#1	NZ_SAGB01000041.1	GCF_004172265.1
WP_032194733.1#1|Escherichia_coli	234	+	-	23	-2974	-2741	10562	10795	WP_000064149.1#1	NZ_SAGB01000041.1	GCF_004172265.1
WP_032194733.1#1|Escherichia_coli	705	+	+	5	-2627	-1923	10909	11613	WP_112844291.1#1	NZ_SAGB01000041.1	GCF_004172265.1
WP_032194733.1#1|Escherichia_coli	288	+	+	0	-1786	-1499	11750	12037	WP_112844290.1#1	NZ_SAGB01000041.1	GCF_004172265.1
WP_032194733.1#1|Escherichia_coli	657	+	+	0	-1502	-846	12034	12690	WP_112844289.1#1	NZ_SAGB01000041.1	GCF_004172265.1
WP_032194733.1#1|Escherichia_coli	405	+	+	0	-849	-445	12687	13091	WP_112844288.1#1	NZ_SAGB01000041.1	GCF_004172265.1
WP_032194733.1#1|Escherichia_coli	220	+	+	58	-196	23	13340	13559	pseudogene_1.10*#1	NZ_SAGB01000041.1	GCF_004172265.1
WP_032194733.1#1|Escherichia_coli	273	+	+	56	1	273	13537	13809	WP_032194733.1#1	NZ_SAGB01000041.1	GCF_004172265.1
WP_032194733.1#1|Escherichia_coli	180	+	+	28	402	581	13938	14117	WP_112844287.1#1	NZ_SAGB01000041.1	GCF_004172265.1
WP_032194733.1#1|Escherichia_coli	369	+	+	6	785	1153	14321	14689	WP_000065374.1#1	NZ_SAGB01000041.1	GCF_004172265.1
WP_032194733.1#1|Escherichia_coli	135	+	+	24	1229	1363	14765	14899	WP_000972063.1#1	NZ_SAGB01000041.1	GCF_004172265.1
WP_032194733.1#1|Escherichia_coli	153	+	+	9	1348	1500	14884	15036	WP_001243355.1#1	NZ_SAGB01000041.1	GCF_004172265.1
WP_032194733.1#1|Escherichia_coli	606	+	+	10	1757	2362	15293	15898	WP_024236197.1#1	NZ_SAGB01000041.1	GCF_004172265.1
WP_032194733.1#1|Escherichia_coli	384	+	+	13	2362	2745	15898	16281	WP_000951320.1#1	NZ_SAGB01000041.1	GCF_004172265.1
WP_032194733.1#1|Escherichia_coli	297	+	+	8	2769	3065	16305	16601	WP_021546266.1#1	NZ_SAGB01000041.1	GCF_004172265.1
WP_032194733.1#1|Escherichia_coli	165	+	+	15	3076	3240	16612	16776	WP_001214456.1#1	NZ_SAGB01000041.1	GCF_004172265.1



WP_032194733.1#2|Escherichia_coli	170	+	-	58	-3840	-3671	1	170	pseudogene_2.1*#2	NZ_JALEFR010000029.1	GCF_022761425.1
WP_032194733.1#2|Escherichia_coli	900	+	-	2	-3674	-2775	167	1066	WP_038820284.1#2	NZ_JALEFR010000029.1	GCF_022761425.1
WP_032194733.1#2|Escherichia_coli	297	+	-	1	-2742	-2446	1099	1395	WP_024203136.1#2	NZ_JALEFR010000029.1	GCF_022761425.1
WP_032194733.1#2|Escherichia_coli	216	+	-	12	-2304	-2089	1537	1752	WP_000067727.1#2	NZ_JALEFR010000029.1	GCF_022761425.1
WP_032194733.1#2|Escherichia_coli	696	+	+	3	-2013	-1318	1828	2523	WP_001302016.1#2	NZ_JALEFR010000029.1	GCF_022761425.1
WP_032194733.1#2|Escherichia_coli	534	+	+	0	-966	-433	2875	3408	WP_000087627.1#2	NZ_JALEFR010000029.1	GCF_022761425.1
WP_032194733.1#2|Escherichia_coli	184	+	+	58	-160	23	3681	3864	pseudogene_2.13*#2	NZ_JALEFR010000029.1	GCF_022761425.1
WP_032194733.1#2|Escherichia_coli	273	+	+	56	1	273	3842	4114	WP_032194733.1#2	NZ_JALEFR010000029.1	GCF_022761425.1
WP_032194733.1#2|Escherichia_coli	72	+	+	28	428	499	4269	4340	WP_106410686.1#2	NZ_JALEFR010000029.1	GCF_022761425.1
WP_032194733.1#2|Escherichia_coli	969	+	+	35	675	1643	4516	5484	WP_000005785.1#2	NZ_JALEFR010000029.1	GCF_022761425.1
WP_032194733.1#2|Escherichia_coli	132	+	+	4	1668	1799	5509	5640	WP_000638547.1#2	NZ_JALEFR010000029.1	GCF_022761425.1
WP_032194733.1#2|Escherichia_coli	153	+	+	9	1784	1936	5625	5777	WP_001243355.1#2	NZ_JALEFR010000029.1	GCF_022761425.1
WP_032194733.1#2|Escherichia_coli	309	+	+	49	2021	2329	5862	6170	WP_086626352.1#2	NZ_JALEFR010000029.1	GCF_022761425.1
WP_032194733.1#2|Escherichia_coli	903	+	+	47	2326	3228	6167	7069	WP_000065846.1#2	NZ_JALEFR010000029.1	GCF_022761425.1
WP_032194733.1#2|Escherichia_coli	483	+	+	48	3212	3694	7053	7535	WP_032153683.1#2	NZ_JALEFR010000029.1	GCF_022761425.1
WP_032194733.1#2|Escherichia_coli	315	+	+	43	3706	4020	7547	7861	WP_000753555.1#2	NZ_JALEFR010000029.1	GCF_022761425.1



WP_000088203.1#3|Escherichia_coli	1437	+	-	16	-5052	-3616	964	2400	WP_213839200.1#3	NZ_JAFHPD010000061.1	GCF_018438645.1
WP_000088203.1#3|Escherichia_coli	891	+	-	2	-3626	-2736	2390	3280	WP_000539336.1#3	NZ_JAFHPD010000061.1	GCF_018438645.1
WP_000088203.1#3|Escherichia_coli	162	+	-	14	-2749	-2588	3267	3428	WP_000166961.1#3	NZ_JAFHPD010000061.1	GCF_018438645.1
WP_000088203.1#3|Escherichia_coli	297	+	-	1	-2555	-2259	3461	3757	WP_052920495.1#3	NZ_JAFHPD010000061.1	GCF_018438645.1
WP_000088203.1#3|Escherichia_coli	228	+	-	11	-2120	-1893	3896	4123	WP_001180317.1#3	NZ_JAFHPD010000061.1	GCF_018438645.1
WP_000088203.1#3|Escherichia_coli	708	+	+	5	-1813	-1106	4203	4910	WP_112871756.1#3	NZ_JAFHPD010000061.1	GCF_018438645.1
WP_000088203.1#3|Escherichia_coli	381	+	+	0	-988	-608	5028	5408	WP_021539111.1#3	NZ_JAFHPD010000061.1	GCF_018438645.1
WP_000088203.1#3|Escherichia_coli	214	+	+	58	-190	23	5826	6039	pseudogene_3.3*#3	NZ_JAFHPD010000061.1	GCF_018438645.1
WP_000088203.1#3|Escherichia_coli	273	+	+	56	1	273	6017	6289	WP_000088203.1#3	NZ_JAFHPD010000061.1	GCF_018438645.1
WP_000088203.1#3|Escherichia_coli	363	+	+	51	276	638	6292	6654	WP_112037033.1#3	NZ_JAFHPD010000061.1	GCF_018438645.1
WP_000088203.1#3|Escherichia_coli	495	+	-	0	669	1163	6685	7179	WP_015966851.1#3	NZ_JAFHPD010000061.1	GCF_018438645.1
WP_000088203.1#3|Escherichia_coli	969	+	+	35	1413	2381	7429	8397	WP_000005785.1#3	NZ_JAFHPD010000061.1	GCF_018438645.1
WP_000088203.1#3|Escherichia_coli	147	+	+	4	2406	2552	8422	8568	WP_016246170.1#3	NZ_JAFHPD010000061.1	GCF_018438645.1
WP_000088203.1#3|Escherichia_coli	114	+	+	7	2545	2658	8561	8674	WP_000361831.1#3	NZ_JAFHPD010000061.1	GCF_018438645.1
WP_000088203.1#3|Escherichia_coli	189	+	+	34	2655	2843	8671	8859	WP_000613346.1#3	NZ_JAFHPD010000061.1	GCF_018438645.1
WP_000088203.1#3|Escherichia_coli	89	+	+	17	2852	2940	8868	8956	WP_213839201.1#3	NZ_JAFHPD010000061.1	GCF_018438645.1



WP_208486487.1#4|Escherichia_coli	441	-	-	53	-6309	-5869	121171	121611	WP_208486490.1#4	NZ_JADIEQ010000003.1	GCF_017593535.1
WP_208486487.1#4|Escherichia_coli	1881	-	-	0	-5791	-3911	119213	121093	WP_208486489.1#4	NZ_JADIEQ010000003.1	GCF_017593535.1
WP_208486487.1#4|Escherichia_coli	861	-	-	2	-3803	-2943	118245	119105	WP_000067068.1#4	NZ_JADIEQ010000003.1	GCF_017593535.1
WP_208486487.1#4|Escherichia_coli	147	-	-	30	-2950	-2804	118106	118252	WP_000166207.1#4	NZ_JADIEQ010000003.1	GCF_017593535.1
WP_208486487.1#4|Escherichia_coli	297	-	-	1	-2771	-2475	117777	118073	WP_208486488.1#4	NZ_JADIEQ010000003.1	GCF_017593535.1
WP_208486487.1#4|Escherichia_coli	201	-	-	25	-2368	-2168	117470	117670	WP_001560905.1#4	NZ_JADIEQ010000003.1	GCF_017593535.1
WP_208486487.1#4|Escherichia_coli	714	-	+	3	-2067	-1354	116656	117369	WP_047671703.1#4	NZ_JADIEQ010000003.1	GCF_017593535.1
WP_208486487.1#4|Escherichia_coli	873	-	+	0	-1322	-450	115752	116624	WP_024220799.1#4	NZ_JADIEQ010000003.1	GCF_017593535.1
WP_208486487.1#4|Escherichia_coli	342	-	+	56	1	342	114960	115301	WP_208486487.1#4	NZ_JADIEQ010000003.1	GCF_017593535.1
WP_208486487.1#4|Escherichia_coli	624	-	+	38	545	1168	114134	114757	WP_208486486.1#4	NZ_JADIEQ010000003.1	GCF_017593535.1
WP_208486487.1#4|Escherichia_coli	312	-	+	50	1342	1653	113649	113960	WP_096974614.1#4	NZ_JADIEQ010000003.1	GCF_017593535.1
WP_208486487.1#4|Escherichia_coli	153	-	+	9	1848	2000	113302	113454	WP_001529819.1#4	NZ_JADIEQ010000003.1	GCF_017593535.1
WP_208486487.1#4|Escherichia_coli	171	-	+	29	2076	2246	113056	113226	WP_000050554.1#4	NZ_JADIEQ010000003.1	GCF_017593535.1
WP_208486487.1#4|Escherichia_coli	606	-	+	10	2257	2862	112440	113045	WP_021544316.1#4	NZ_JADIEQ010000003.1	GCF_017593535.1
WP_208486487.1#4|Escherichia_coli	384	-	+	13	2862	3245	112057	112440	WP_000951323.1#4	NZ_JADIEQ010000003.1	GCF_017593535.1
WP_208486487.1#4|Escherichia_coli	294	-	+	8	3269	3562	111740	112033	WP_001111302.1#4	NZ_JADIEQ010000003.1	GCF_017593535.1
WP_208486487.1#4|Escherichia_coli	168	-	+	15	3573	3740	111562	111729	WP_001214453.1#4	NZ_JADIEQ010000003.1	GCF_017593535.1



WP_032228176.1#5|Escherichia_coli	564	-	-	2	-3493	-2930	244722	245285	WP_001644575.1#5	NZ_LOGM01000010.1	GCF_001606475.1
WP_032228176.1#5|Escherichia_coli	297	-	-	1	-2897	-2601	244393	244689	WP_024246245.1#5	NZ_LOGM01000010.1	GCF_001606475.1
WP_032228176.1#5|Escherichia_coli	216	-	-	12	-2459	-2244	244036	244251	WP_024246246.1#5	NZ_LOGM01000010.1	GCF_001606475.1
WP_032228176.1#5|Escherichia_coli	696	-	+	3	-2169	-1474	243266	243961	WP_101750476.1#5	NZ_LOGM01000010.1	GCF_001606475.1
WP_032228176.1#5|Escherichia_coli	903	-	+	0	-1355	-453	242245	243147	WP_001133195.1#5	NZ_LOGM01000010.1	GCF_001606475.1
WP_032228176.1#5|Escherichia_coli	223	-	+	58	-199	23	241769	241991	pseudogene_5.16*#5	NZ_LOGM01000010.1	GCF_001606475.1
WP_032228176.1#5|Escherichia_coli	273	-	+	56	1	273	241519	241791	WP_032228176.1#5	NZ_LOGM01000010.1	GCF_001606475.1
WP_032228176.1#5|Escherichia_coli	624	-	+	38	335	958	240834	241457	WP_024246248.1#5	NZ_LOGM01000010.1	GCF_001606475.1
WP_032228176.1#5|Escherichia_coli	141	-	+	4	1064	1204	240588	240728	WP_001623719.1#5	NZ_LOGM01000010.1	GCF_001606475.1
WP_032228176.1#5|Escherichia_coli	114	-	+	7	1197	1310	240482	240595	WP_000361831.1#5	NZ_LOGM01000010.1	GCF_001606475.1
WP_032228176.1#5|Escherichia_coli	189	-	+	34	1307	1495	240297	240485	WP_000613346.1#5	NZ_LOGM01000010.1	GCF_001606475.1
WP_032228176.1#5|Escherichia_coli	708	-	+	17	1504	2211	239581	240288	WP_000365280.1#5	NZ_LOGM01000010.1	GCF_001606475.1
WP_032228176.1#5|Escherichia_coli	468	-	+	0	2212	2679	239113	239580	WP_000018646.1#5	NZ_LOGM01000010.1	GCF_001606475.1
WP_032228176.1#5|Escherichia_coli	507	-	+	21	2676	3182	238610	239116	WP_062876651.1#5	NZ_LOGM01000010.1	GCF_001606475.1
WP_032228176.1#5|Escherichia_coli	549	-	+	44	3191	3739	238053	238601	WP_001016186.1#5	NZ_LOGM01000010.1	GCF_001606475.1



WP_000088203.1#6|Escherichia_coli_O157_H7_str__2011EL_2097	1437	+	-	16	-5672	-4236	9548	10984	WP_000131484.1#6	NZ_JHLC01000032.1	GCF_000616525.2
WP_000088203.1#6|Escherichia_coli_O157_H7_str__2011EL_2097	900	+	-	2	-4246	-3347	10974	11873	WP_000065666.1#6	NZ_JHLC01000032.1	GCF_000616525.2
WP_000088203.1#6|Escherichia_coli_O157_H7_str__2011EL_2097	147	+	-	30	-3354	-3208	11866	12012	WP_000166207.1#6	NZ_JHLC01000032.1	GCF_000616525.2
WP_000088203.1#6|Escherichia_coli_O157_H7_str__2011EL_2097	297	+	-	1	-3175	-2879	12045	12341	WP_000438540.1#6	NZ_JHLC01000032.1	GCF_000616525.2
WP_000088203.1#6|Escherichia_coli_O157_H7_str__2011EL_2097	216	+	-	12	-2737	-2522	12483	12698	WP_000067727.1#6	NZ_JHLC01000032.1	GCF_000616525.2
WP_000088203.1#6|Escherichia_coli_O157_H7_str__2011EL_2097	696	+	+	3	-2446	-1751	12774	13469	WP_001302016.1#6	NZ_JHLC01000032.1	GCF_000616525.2
WP_000088203.1#6|Escherichia_coli_O157_H7_str__2011EL_2097	522	+	+	0	-1249	-728	13971	14492	WP_001130059.1#6	NZ_JHLC01000032.1	GCF_000616525.2
WP_000088203.1#6|Escherichia_coli_O157_H7_str__2011EL_2097	183	+	+	33	-159	23	15061	15243	WP_000438343.1#6	NZ_JHLC01000032.1	GCF_000616525.2
WP_000088203.1#6|Escherichia_coli_O157_H7_str__2011EL_2097	273	+	+	56	1	273	15221	15493	WP_000088203.1#6	NZ_JHLC01000032.1	GCF_000616525.2
WP_000088203.1#6|Escherichia_coli_O157_H7_str__2011EL_2097	252	+	+	42	332	583	15552	15803	WP_000394299.1#6	NZ_JHLC01000032.1	GCF_000616525.2
WP_000088203.1#6|Escherichia_coli_O157_H7_str__2011EL_2097	369	+	+	6	766	1134	15986	16354	WP_000065362.1#6	NZ_JHLC01000032.1	GCF_000616525.2
WP_000088203.1#6|Escherichia_coli_O157_H7_str__2011EL_2097	165	+	+	4	1207	1371	16427	16591	WP_001198861.1#6	NZ_JHLC01000032.1	GCF_000616525.2
WP_000088203.1#6|Escherichia_coli_O157_H7_str__2011EL_2097	144	+	+	7	1340	1483	16560	16703	WP_000372937.1#6	NZ_JHLC01000032.1	GCF_000616525.2
WP_000088203.1#6|Escherichia_coli_O157_H7_str__2011EL_2097	273	+	+	19	1558	1830	16778	17050	WP_032304947.1#6	NZ_JHLC01000032.1	GCF_000616525.2
WP_000088203.1#6|Escherichia_coli_O157_H7_str__2011EL_2097	736	+	+	18	1860	2595	17080	17815	WP_032251384.1#6	NZ_JHLC01000032.1	GCF_000616525.2
WP_000088203.1#6|Escherichia_coli_O157_H7_str__2011EL_2097	648	+	+	20	2759	3406	17979	18626	WP_053920131.1#6	NZ_JHLC01000032.1	GCF_000616525.2
WP_000088203.1#6|Escherichia_coli_O157_H7_str__2011EL_2097	183	+	+	27	3403	3585	18623	18805	WP_000682306.1#6	NZ_JHLC01000032.1	GCF_000616525.2



WP_000088203.1#7|Escherichia_coli	822	-	-	2	-4187	-3366	387512	388333	WP_001608293.1#7	NZ_NLZQ01000001.1	GCF_002511365.1
WP_000088203.1#7|Escherichia_coli	162	-	-	14	-3379	-3218	387364	387525	WP_173674171.1#7	NZ_NLZQ01000001.1	GCF_002511365.1
WP_000088203.1#7|Escherichia_coli	297	-	-	1	-3185	-2889	387035	387331	WP_097435296.1#7	NZ_NLZQ01000001.1	GCF_002511365.1
WP_000088203.1#7|Escherichia_coli	216	-	-	12	-2747	-2532	386678	386893	WP_000067727.1#7	NZ_NLZQ01000001.1	GCF_002511365.1
WP_000088203.1#7|Escherichia_coli	696	-	+	3	-2457	-1762	385908	386603	WP_001302016.1#7	NZ_NLZQ01000001.1	GCF_002511365.1
WP_000088203.1#7|Escherichia_coli	267	-	+	0	-1336	-1070	385216	385482	WP_001529821.1#7	NZ_NLZQ01000001.1	GCF_002511365.1
WP_000088203.1#7|Escherichia_coli	651	-	+	0	-1082	-432	384578	385228	WP_015980176.1#7	NZ_NLZQ01000001.1	GCF_002511365.1
WP_000088203.1#7|Escherichia_coli	183	-	+	33	-159	23	384123	384305	WP_000438343.1#7	NZ_NLZQ01000001.1	GCF_002511365.1
WP_000088203.1#7|Escherichia_coli	273	-	+	56	1	273	383873	384145	WP_000088203.1#7	NZ_NLZQ01000001.1	GCF_002511365.1
WP_000088203.1#7|Escherichia_coli	252	-	+	42	332	583	383563	383814	WP_000394299.1#7	NZ_NLZQ01000001.1	GCF_002511365.1
WP_000088203.1#7|Escherichia_coli	171	-	+	22	810	980	383166	383336	WP_001183771.1#7	NZ_NLZQ01000001.1	GCF_002511365.1
WP_000088203.1#7|Escherichia_coli	708	-	+	17	1235	1942	382204	382911	WP_000365280.1#7	NZ_NLZQ01000001.1	GCF_002511365.1
WP_000088203.1#7|Escherichia_coli	462	-	+	21	1943	2404	381742	382203	WP_052938060.1#7	NZ_NLZQ01000001.1	GCF_002511365.1
WP_000088203.1#7|Escherichia_coli	468	-	+	0	2420	2887	381259	381726	WP_157919100.1#7	NZ_NLZQ01000001.1	GCF_002511365.1
WP_000088203.1#7|Escherichia_coli	297	-	+	8	2901	3197	380949	381245	WP_001111336.1#7	NZ_NLZQ01000001.1	GCF_002511365.1
WP_000088203.1#7|Escherichia_coli	165	-	+	15	3208	3372	380774	380938	WP_001214456.1#7	NZ_NLZQ01000001.1	GCF_002511365.1
WP_000088203.1#7|Escherichia_coli	102	-	+	58	3480	3581	380565	380666	pseudogene_7.16*#7	NZ_NLZQ01000001.1	GCF_002511365.1



KAB3415371.1#8|Escherichia_coli	114	-	-	58	-4071	-3958	57294	57407	pseudogene_8.4*#8	WCAX01000023.1	GCA_009016745.1
KAB3415371.1#8|Escherichia_coli	900	-	-	2	-3961	-3062	56398	57297	KAB3415377.1#8	WCAX01000023.1	GCA_009016745.1
KAB3415371.1#8|Escherichia_coli	297	-	-	1	-3029	-2733	56069	56365	KAB3415376.1#8	WCAX01000023.1	GCA_009016745.1
KAB3415371.1#8|Escherichia_coli	228	-	-	11	-2594	-2367	55703	55930	KAB3415375.1#8	WCAX01000023.1	GCA_009016745.1
KAB3415371.1#8|Escherichia_coli	711	-	+	5	-2287	-1577	54913	55623	KAB3415374.1#8	WCAX01000023.1	GCA_009016745.1
KAB3415371.1#8|Escherichia_coli	321	-	+	0	-1453	-1133	54469	54789	KAB3415373.1#8	WCAX01000023.1	GCA_009016745.1
KAB3415371.1#8|Escherichia_coli	684	-	+	0	-1133	-450	53786	54469	KAB3415372.1#8	WCAX01000023.1	GCA_009016745.1
KAB3415371.1#8|Escherichia_coli	226	-	+	58	-202	23	53313	53538	pseudogene_8.11*#8	WCAX01000023.1	GCA_009016745.1
KAB3415371.1#8|Escherichia_coli	273	-	+	56	1	273	53063	53335	KAB3415371.1#8	WCAX01000023.1	GCA_009016745.1
KAB3415371.1#8|Escherichia_coli	582	-	-	40	290	871	52465	53046	KAB3415370.1#8	WCAX01000023.1	GCA_009016745.1
KAB3415371.1#8|Escherichia_coli	369	-	+	6	1132	1500	51836	52204	KAB3415369.1#8	WCAX01000023.1	GCA_009016745.1
KAB3415371.1#8|Escherichia_coli	165	-	+	4	1573	1737	51599	51763	KAB3415368.1#8	WCAX01000023.1	GCA_009016745.1
KAB3415371.1#8|Escherichia_coli	144	-	+	7	1706	1849	51487	51630	KAB3415367.1#8	WCAX01000023.1	GCA_009016745.1
KAB3415371.1#8|Escherichia_coli	152	-	+	58	1804	1955	51381	51532	pseudogene_8.13*#8	WCAX01000023.1	GCA_009016745.1
KAB3415371.1#8|Escherichia_coli	297	-	+	19	1924	2220	51116	51412	KAB3415366.1#8	WCAX01000023.1	GCA_009016745.1
KAB3415371.1#8|Escherichia_coli	786	-	+	18	2226	3011	50325	51110	KAB3415365.1#8	WCAX01000023.1	GCA_009016745.1
KAB3415371.1#8|Escherichia_coli	681	-	+	20	3008	3688	49648	50328	KAB3415364.1#8	WCAX01000023.1	GCA_009016745.1



WP_000088203.1#9|Escherichia_coli	1377	-	-	16	-5501	-4125	17778	19154	WP_001749476.1#9	NZ_JAMGWD010000110.1	GCF_023534045.1
WP_000088203.1#9|Escherichia_coli	822	-	-	2	-4128	-3307	16960	17781	WP_000539354.1#9	NZ_JAMGWD010000110.1	GCF_023534045.1
WP_000088203.1#9|Escherichia_coli	162	-	-	14	-3320	-3159	16812	16973	WP_000166961.1#9	NZ_JAMGWD010000110.1	GCF_023534045.1
WP_000088203.1#9|Escherichia_coli	297	-	-	1	-3126	-2830	16483	16779	WP_066018908.1#9	NZ_JAMGWD010000110.1	GCF_023534045.1
WP_000088203.1#9|Escherichia_coli	234	-	-	23	-2691	-2458	16111	16344	WP_000064149.1#9	NZ_JAMGWD010000110.1	GCF_023534045.1
WP_000088203.1#9|Escherichia_coli	705	-	+	5	-2344	-1640	15293	15997	WP_021572762.1#9	NZ_JAMGWD010000110.1	GCF_023534045.1
WP_000088203.1#9|Escherichia_coli	1005	-	+	0	-1473	-469	14122	15126	WP_152937760.1#9	NZ_JAMGWD010000110.1	GCF_023534045.1
WP_000088203.1#9|Escherichia_coli	220	-	+	58	-196	23	13630	13849	pseudogene_9.0*#9	NZ_JAMGWD010000110.1	GCF_023534045.1
WP_000088203.1#9|Escherichia_coli	273	-	+	56	1	273	13380	13652	WP_000088203.1#9	NZ_JAMGWD010000110.1	GCF_023534045.1
WP_000088203.1#9|Escherichia_coli	98	-	+	58	633	730	12923	13020	pseudogene_9.17*#9	NZ_JAMGWD010000110.1	GCF_023534045.1
WP_000088203.1#9|Escherichia_coli	969	-	+	35	906	1874	11779	12747	WP_071447817.1#9	NZ_JAMGWD010000110.1	GCF_023534045.1
WP_000088203.1#9|Escherichia_coli	171	-	+	4	1899	2069	11584	11754	WP_032236247.1#9	NZ_JAMGWD010000110.1	GCF_023534045.1
WP_000088203.1#9|Escherichia_coli	144	-	+	7	2038	2181	11472	11615	WP_000372937.1#9	NZ_JAMGWD010000110.1	GCF_023534045.1
WP_000088203.1#9|Escherichia_coli	297	-	+	19	2256	2552	11101	11397	WP_000995439.1#9	NZ_JAMGWD010000110.1	GCF_023534045.1
WP_000088203.1#9|Escherichia_coli	786	-	+	18	2558	3343	10310	11095	WP_000100845.1#9	NZ_JAMGWD010000110.1	GCF_023534045.1
WP_000088203.1#9|Escherichia_coli	681	-	+	20	3340	4020	9633	10313	WP_000186779.1#9	NZ_JAMGWD010000110.1	GCF_023534045.1
WP_000088203.1#9|Escherichia_coli	183	-	+	27	4017	4199	9454	9636	WP_000682306.1#9	NZ_JAMGWD010000110.1	GCF_023534045.1



WP_000088201.1#10|Escherichia_coli	822	+	-	2	-4507	-3686	14651	15472	WP_227454750.1#10	NZ_JAIHKQ010000026.1	GCF_020668645.1
WP_000088201.1#10|Escherichia_coli	162	+	-	14	-3699	-3538	15459	15620	WP_000166961.1#10	NZ_JAIHKQ010000026.1	GCF_020668645.1
WP_000088201.1#10|Escherichia_coli	297	+	-	1	-3505	-3209	15653	15949	WP_227454751.1#10	NZ_JAIHKQ010000026.1	GCF_020668645.1
WP_000088201.1#10|Escherichia_coli	228	+	-	11	-3070	-2843	16088	16315	WP_001180318.1#10	NZ_JAIHKQ010000026.1	GCF_020668645.1
WP_000088201.1#10|Escherichia_coli	708	+	+	5	-2764	-2057	16394	17101	WP_021552632.1#10	NZ_JAIHKQ010000026.1	GCF_020668645.1
WP_000088201.1#10|Escherichia_coli	480	+	+	0	-1856	-1377	17302	17781	WP_016063144.1#10	NZ_JAIHKQ010000026.1	GCF_020668645.1
WP_000088201.1#10|Escherichia_coli	933	+	+	0	-1380	-448	17778	18710	WP_016063143.1#10	NZ_JAIHKQ010000026.1	GCF_020668645.1
WP_000088201.1#10|Escherichia_coli	181	+	+	58	-157	23	19001	19181	pseudogene_10.7*#10	NZ_JAIHKQ010000026.1	GCF_020668645.1
WP_000088201.1#10|Escherichia_coli	273	+	+	56	1	273	19159	19431	WP_000088201.1#10	NZ_JAIHKQ010000026.1	GCF_020668645.1
WP_000088201.1#10|Escherichia_coli	243	+	+	46	532	774	19690	19932	WP_001549475.1#10	NZ_JAIHKQ010000026.1	GCF_020668645.1
WP_000088201.1#10|Escherichia_coli	369	+	+	6	949	1317	20107	20475	WP_000065371.1#10	NZ_JAIHKQ010000026.1	GCF_020668645.1
WP_000088201.1#10|Escherichia_coli	165	+	+	4	1390	1554	20548	20712	WP_001198860.1#10	NZ_JAIHKQ010000026.1	GCF_020668645.1
WP_000088201.1#10|Escherichia_coli	114	+	+	7	1523	1636	20681	20794	WP_227454752.1#10	NZ_JAIHKQ010000026.1	GCF_020668645.1
WP_000088201.1#10|Escherichia_coli	189	+	+	34	1633	1821	20791	20979	WP_000613347.1#10	NZ_JAIHKQ010000026.1	GCF_020668645.1
WP_000088201.1#10|Escherichia_coli	681	+	+	0	1830	2510	20988	21668	WP_015966849.1#10	NZ_JAIHKQ010000026.1	GCF_020668645.1
WP_000088201.1#10|Escherichia_coli	588	+	+	0	2507	3094	21665	22252	WP_047402678.1#10	NZ_JAIHKQ010000026.1	GCF_020668645.1
WP_000088201.1#10|Escherichia_coli	297	+	+	8	3118	3414	22276	22572	WP_113401498.1#10	NZ_JAIHKQ010000026.1	GCF_020668645.1



WP_000216182.1#11|Escherichia_coli	1377	-	-	16	-5262	-3886	10882	12258	WP_000806596.1#11	NZ_JAFCNK010000051.1	GCF_016837725.1
WP_000216182.1#11|Escherichia_coli	822	-	-	2	-3889	-3068	10064	10885	WP_000539350.1#11	NZ_JAFCNK010000051.1	GCF_016837725.1
WP_000216182.1#11|Escherichia_coli	162	-	-	14	-3081	-2920	9916	10077	WP_000166961.1#11	NZ_JAFCNK010000051.1	GCF_016837725.1
WP_000216182.1#11|Escherichia_coli	297	-	-	1	-2887	-2591	9587	9883	WP_052925411.1#11	NZ_JAFCNK010000051.1	GCF_016837725.1
WP_000216182.1#11|Escherichia_coli	228	-	-	11	-2484	-2257	9253	9480	WP_001180318.1#11	NZ_JAFCNK010000051.1	GCF_016837725.1
WP_000216182.1#11|Escherichia_coli	708	-	+	5	-2178	-1471	8467	9174	WP_000250470.1#11	NZ_JAFCNK010000051.1	GCF_016837725.1
WP_000216182.1#11|Escherichia_coli	900	-	+	0	-1341	-442	7438	8337	WP_000076839.1#11	NZ_JAFCNK010000051.1	GCF_016837725.1
WP_000216182.1#11|Escherichia_coli	213	-	-	0	-210	2	6994	7206	WP_000971597.1#11	NZ_JAFCNK010000051.1	GCF_016837725.1
WP_000216182.1#11|Escherichia_coli	309	-	+	56	1	309	6687	6995	WP_000216182.1#11	NZ_JAFCNK010000051.1	GCF_016837725.1
WP_000216182.1#11|Escherichia_coli	225	-	+	45	313	537	6459	6683	WP_001077327.1#11	NZ_JAFCNK010000051.1	GCF_016837725.1
WP_000216182.1#11|Escherichia_coli	324	-	+	41	600	923	6073	6396	WP_000387878.1#11	NZ_JAFCNK010000051.1	GCF_016837725.1
WP_000216182.1#11|Escherichia_coli	369	-	+	6	1103	1471	5525	5893	WP_000065351.1#11	NZ_JAFCNK010000051.1	GCF_016837725.1
WP_000216182.1#11|Escherichia_coli	138	-	+	22	1547	1684	5312	5449	WP_162774251.1#11	NZ_JAFCNK010000051.1	GCF_016837725.1
WP_000216182.1#11|Escherichia_coli	708	-	+	17	1959	2666	4330	5037	WP_000365291.1#11	NZ_JAFCNK010000051.1	GCF_016837725.1
WP_000216182.1#11|Escherichia_coli	507	-	+	21	2667	3173	3823	4329	WP_000168274.1#11	NZ_JAFCNK010000051.1	GCF_016837725.1
WP_000216182.1#11|Escherichia_coli	297	-	+	8	3187	3483	3513	3809	WP_052925410.1#11	NZ_JAFCNK010000051.1	GCF_016837725.1
WP_000216182.1#11|Escherichia_coli	165	-	+	15	3494	3658	3338	3502	WP_001214459.1#11	NZ_JAFCNK010000051.1	GCF_016837725.1



WP_047674109.1#12|Escherichia_coli	291	-	-	32	-4956	-4666	249750	250040	WP_000145931.1#12	NZ_NLJA01000001.1	GCF_002227295.1
WP_047674109.1#12|Escherichia_coli	702	-	-	26	-4669	-3968	249052	249753	WP_000788869.1#12	NZ_NLJA01000001.1	GCF_002227295.1
WP_047674109.1#12|Escherichia_coli	893	-	-	58	-3971	-3079	248163	249055	pseudogene_12.9*#12	NZ_NLJA01000001.1	GCF_002227295.1
WP_047674109.1#12|Escherichia_coli	297	-	-	1	-3046	-2750	247834	248130	WP_089515630.1#12	NZ_NLJA01000001.1	GCF_002227295.1
WP_047674109.1#12|Escherichia_coli	234	-	-	23	-2611	-2378	247462	247695	WP_000064149.1#12	NZ_NLJA01000001.1	GCF_002227295.1
WP_047674109.1#12|Escherichia_coli	705	-	+	5	-2264	-1560	246644	247348	WP_000428098.1#12	NZ_NLJA01000001.1	GCF_002227295.1
WP_047674109.1#12|Escherichia_coli	1026	-	+	0	-1479	-454	245538	246563	WP_042199492.1#12	NZ_NLJA01000001.1	GCF_002227295.1
WP_047674109.1#12|Escherichia_coli	220	-	+	58	-196	23	245061	245280	pseudogene_12.12*#12	NZ_NLJA01000001.1	GCF_002227295.1
WP_047674109.1#12|Escherichia_coli	273	-	+	56	1	273	244811	245083	WP_047674109.1#12	NZ_NLJA01000001.1	GCF_002227295.1
WP_047674109.1#12|Escherichia_coli	201	-	+	58	402	602	244482	244682	pseudogene_12.16*#12	NZ_NLJA01000001.1	GCF_002227295.1
WP_047674109.1#12|Escherichia_coli	369	-	+	6	785	1153	243931	244299	WP_053276021.1#12	NZ_NLJA01000001.1	GCF_002227295.1
WP_047674109.1#12|Escherichia_coli	165	-	+	4	1226	1390	243694	243858	WP_001198861.1#12	NZ_NLJA01000001.1	GCF_002227295.1
WP_047674109.1#12|Escherichia_coli	144	-	+	7	1359	1502	243582	243725	WP_000372941.1#12	NZ_NLJA01000001.1	GCF_002227295.1
WP_047674109.1#12|Escherichia_coli	297	-	+	19	1577	1873	243211	243507	WP_000995420.1#12	NZ_NLJA01000001.1	GCF_002227295.1
WP_047674109.1#12|Escherichia_coli	786	-	+	18	1879	2664	242420	243205	WP_000100848.1#12	NZ_NLJA01000001.1	GCF_002227295.1
WP_047674109.1#12|Escherichia_coli	681	-	+	20	2661	3341	241743	242423	WP_001580567.1#12	NZ_NLJA01000001.1	GCF_002227295.1
WP_047674109.1#12|Escherichia_coli	159	-	+	27	3338	3496	241588	241746	WP_089515627.1#12	NZ_NLJA01000001.1	GCF_002227295.1



WP_000216180.1#13|Escherichia_coli	309	-	-	0	-6459	-6151	695696	696004	WP_108411836.1#13	NZ_CAJGFM010000001.1	GCF_904809915.1
WP_000216180.1#13|Escherichia_coli	1437	-	-	16	-5660	-4224	693769	695205	WP_023157013.1#13	NZ_CAJGFM010000001.1	GCF_904809915.1
WP_000216180.1#13|Escherichia_coli	900	-	-	2	-4234	-3335	692880	693779	WP_021527653.1#13	NZ_CAJGFM010000001.1	GCF_904809915.1
WP_000216180.1#13|Escherichia_coli	147	-	-	30	-3342	-3196	692741	692887	WP_000166207.1#13	NZ_CAJGFM010000001.1	GCF_904809915.1
WP_000216180.1#13|Escherichia_coli	297	-	-	1	-3163	-2867	692412	692708	WP_186227304.1#13	NZ_CAJGFM010000001.1	GCF_904809915.1
WP_000216180.1#13|Escherichia_coli	201	-	-	25	-2760	-2560	692105	692305	WP_000437872.1#13	NZ_CAJGFM010000001.1	GCF_904809915.1
WP_000216180.1#13|Escherichia_coli	714	-	+	3	-2459	-1746	691291	692004	WP_001274764.1#13	NZ_CAJGFM010000001.1	GCF_904809915.1
WP_000216180.1#13|Escherichia_coli	1044	-	+	0	-1489	-446	689991	691034	WP_133142096.1#13	NZ_CAJGFM010000001.1	GCF_904809915.1
WP_000216180.1#13|Escherichia_coli	309	-	+	56	1	309	689236	689544	WP_000216180.1#13	NZ_CAJGFM010000001.1	GCF_904809915.1
WP_000216180.1#13|Escherichia_coli	279	-	+	0	312	590	688955	689233	WP_000804698.1#13	NZ_CAJGFM010000001.1	GCF_904809915.1
WP_000216180.1#13|Escherichia_coli	450	-	+	31	648	1097	688448	688897	WP_201477066.1#13	NZ_CAJGFM010000001.1	GCF_904809915.1
WP_000216180.1#13|Escherichia_coli	471	-	+	37	1176	1646	687899	688369	WP_201477065.1#13	NZ_CAJGFM010000001.1	GCF_904809915.1
WP_000216180.1#13|Escherichia_coli	369	-	+	6	1797	2165	687380	687748	WP_016242504.1#13	NZ_CAJGFM010000001.1	GCF_904809915.1
WP_000216180.1#13|Escherichia_coli	153	-	+	9	2360	2512	687033	687185	WP_001243355.1#13	NZ_CAJGFM010000001.1	GCF_904809915.1
WP_000216180.1#13|Escherichia_coli	708	-	+	17	2767	3474	686071	686778	WP_201477064.1#13	NZ_CAJGFM010000001.1	GCF_904809915.1
WP_000216180.1#13|Escherichia_coli	516	-	+	21	3475	3990	685555	686070	WP_106642979.1#13	NZ_CAJGFM010000001.1	GCF_904809915.1
WP_000216180.1#13|Escherichia_coli	549	-	+	44	3999	4547	684998	685546	WP_001016185.1#13	NZ_CAJGFM010000001.1	GCF_904809915.1



WP_032266375.1#14|Escherichia_coli	900	+	-	2	-6163	-5264	4928227	4929126	WP_032316839.1#14	NZ_CP025840.1	GCF_003956245.1
WP_032266375.1#14|Escherichia_coli	297	+	-	1	-5231	-4935	4929159	4929455	WP_129547429.1#14	NZ_CP025840.1	GCF_003956245.1
WP_032266375.1#14|Escherichia_coli	228	+	-	11	-4828	-4601	4929562	4929789	WP_001180318.1#14	NZ_CP025840.1	GCF_003956245.1
WP_032266375.1#14|Escherichia_coli	708	+	+	5	-4522	-3815	4929868	4930575	WP_032266376.1#14	NZ_CP025840.1	GCF_003956245.1
WP_032266375.1#14|Escherichia_coli	363	+	+	54	-3648	-3286	4930742	4931104	WP_000189752.1#14	NZ_CP025840.1	GCF_003956245.1
WP_032266375.1#14|Escherichia_coli	1614	+	-	0	-2552	-939	4931838	4933451	WP_129547430.1#14	NZ_CP025840.1	GCF_003956245.1
WP_032266375.1#14|Escherichia_coli	351	+	-	0	-908	-558	4933482	4933832	WP_001594393.1#14	NZ_CP025840.1	GCF_003956245.1
WP_032266375.1#14|Escherichia_coli	435	+	-	0	-561	-127	4933829	4934263	WP_001309734.1#14	NZ_CP025840.1	GCF_003956245.1
WP_032266375.1#14|Escherichia_coli	309	+	+	56	1	309	4934391	4934699	WP_032266375.1#14	NZ_CP025840.1	GCF_003956245.1
WP_032266375.1#14|Escherichia_coli	240	+	+	55	367	606	4934757	4934996	WP_248784791.1#14	NZ_CP025840.1	GCF_003956245.1
WP_032266375.1#14|Escherichia_coli	165	+	-	52	607	771	4934997	4935161	WP_164997364.1#14	NZ_CP025840.1	GCF_003956245.1
WP_032266375.1#14|Escherichia_coli	201	+	+	28	982	1182	4935372	4935572	WP_032303759.1#14	NZ_CP025840.1	GCF_003956245.1
WP_032266375.1#14|Escherichia_coli	369	+	+	6	1365	1733	4935755	4936123	WP_129547431.1#14	NZ_CP025840.1	GCF_003956245.1
WP_032266375.1#14|Escherichia_coli	171	+	+	22	1809	1979	4936199	4936369	WP_001183771.1#14	NZ_CP025840.1	GCF_003956245.1
WP_032266375.1#14|Escherichia_coli	159	+	+	39	1976	2134	4936366	4936524	WP_000010966.1#14	NZ_CP025840.1	GCF_003956245.1
WP_032266375.1#14|Escherichia_coli	708	+	+	17	2234	2941	4936624	4937331	WP_129547432.1#14	NZ_CP025840.1	GCF_003956245.1
WP_032266375.1#14|Escherichia_coli	516	+	+	21	2942	3457	4937332	4937847	WP_032266179.1#14	NZ_CP025840.1	GCF_003956245.1



WP_000088201.1#15|Escherichia_coli	861	-	-	2	-3762	-2902	41640	42500	WP_000067065.1#15	NZ_NELU01000004.1	GCF_002133385.1
WP_000088201.1#15|Escherichia_coli	147	-	-	30	-2909	-2763	41501	41647	WP_000166207.1#15	NZ_NELU01000004.1	GCF_002133385.1
WP_000088201.1#15|Escherichia_coli	297	-	-	1	-2730	-2434	41172	41468	WP_086167103.1#15	NZ_NELU01000004.1	GCF_002133385.1
WP_000088201.1#15|Escherichia_coli	216	-	-	12	-2293	-2078	40816	41031	WP_086167102.1#15	NZ_NELU01000004.1	GCF_002133385.1
WP_000088201.1#15|Escherichia_coli	696	-	+	3	-2002	-1307	40045	40740	WP_139838357.1#15	NZ_NELU01000004.1	GCF_002133385.1
WP_000088201.1#15|Escherichia_coli	348	-	+	58	-1179	-832	39570	39917	pseudogene_15.4*#15	NZ_NELU01000004.1	GCF_002133385.1
WP_000088201.1#15|Escherichia_coli	354	-	+	0	-675	-322	39060	39413	WP_137413698.1#15	NZ_NELU01000004.1	GCF_002133385.1
WP_000088201.1#15|Escherichia_coli	223	-	+	58	-199	23	38715	38937	pseudogene_15.16*#15	NZ_NELU01000004.1	GCF_002133385.1
WP_000088201.1#15|Escherichia_coli	273	-	+	56	1	273	38465	38737	WP_000088201.1#15	NZ_NELU01000004.1	GCF_002133385.1
WP_000088201.1#15|Escherichia_coli	393	-	+	51	276	668	38070	38462	WP_072658121.1#15	NZ_NELU01000004.1	GCF_002133385.1
WP_000088201.1#15|Escherichia_coli	159	-	+	0	732	890	37848	38006	WP_001037043.1#15	NZ_NELU01000004.1	GCF_002133385.1
WP_000088201.1#15|Escherichia_coli	171	-	+	22	1074	1244	37494	37664	WP_001183771.1#15	NZ_NELU01000004.1	GCF_002133385.1
WP_000088201.1#15|Escherichia_coli	309	-	+	49	1329	1637	37101	37409	WP_000604110.1#15	NZ_NELU01000004.1	GCF_002133385.1
WP_000088201.1#15|Escherichia_coli	912	-	+	47	1634	2545	36193	37104	WP_042019749.1#15	NZ_NELU01000004.1	GCF_002133385.1
WP_000088201.1#15|Escherichia_coli	483	-	+	48	2529	3011	35727	36209	WP_086167100.1#15	NZ_NELU01000004.1	GCF_002133385.1
WP_000088201.1#15|Escherichia_coli	315	-	+	43	3023	3337	35401	35715	WP_000753555.1#15	NZ_NELU01000004.1	GCF_002133385.1
WP_000088201.1#15|Escherichia_coli	282	-	+	36	3354	3635	35103	35384	WP_086167099.1#15	NZ_NELU01000004.1	GCF_002133385.1



WP_000088206.1#16|Escherichia_coli	702	+	-	26	-5113	-4412	11101	11802	WP_029305433.1#16	NZ_JFJL01000018.1	GCF_000708165.1
WP_000088206.1#16|Escherichia_coli	900	+	-	2	-4415	-3516	11799	12698	WP_029305434.1#16	NZ_JFJL01000018.1	GCF_000708165.1
WP_000088206.1#16|Escherichia_coli	297	+	-	1	-3483	-3187	12731	13027	WP_029305435.1#16	NZ_JFJL01000018.1	GCF_000708165.1
WP_000088206.1#16|Escherichia_coli	201	+	-	25	-3048	-2848	13166	13366	WP_000437875.1#16	NZ_JFJL01000018.1	GCF_000708165.1
WP_000088206.1#16|Escherichia_coli	714	+	+	3	-2747	-2034	13467	14180	WP_001274754.1#16	NZ_JFJL01000018.1	GCF_000708165.1
WP_000088206.1#16|Escherichia_coli	546	+	+	0	-1914	-1369	14300	14845	WP_000522969.1#16	NZ_JFJL01000018.1	GCF_000708165.1
WP_000088206.1#16|Escherichia_coli	930	+	+	0	-1372	-443	14842	15771	WP_001081279.1#16	NZ_JFJL01000018.1	GCF_000708165.1
WP_000088206.1#16|Escherichia_coli	183	+	+	33	-159	23	16055	16237	WP_000438344.1#16	NZ_JFJL01000018.1	GCF_000708165.1
WP_000088206.1#16|Escherichia_coli	273	+	+	56	1	273	16215	16487	WP_000088206.1#16	NZ_JFJL01000018.1	GCF_000708165.1
WP_000088206.1#16|Escherichia_coli	624	+	+	38	335	958	16549	17172	WP_029305436.1#16	NZ_JFJL01000018.1	GCF_000708165.1
WP_000088206.1#16|Escherichia_coli	171	+	+	22	1183	1353	17397	17567	WP_001183771.1#16	NZ_JFJL01000018.1	GCF_000708165.1
WP_000088206.1#16|Escherichia_coli	171	+	+	29	1429	1599	17643	17813	WP_000050554.1#16	NZ_JFJL01000018.1	GCF_000708165.1
WP_000088206.1#16|Escherichia_coli	606	+	+	10	1610	2215	17824	18429	WP_029305437.1#16	NZ_JFJL01000018.1	GCF_000708165.1
WP_000088206.1#16|Escherichia_coli	384	+	+	13	2215	2598	18429	18812	WP_000951326.1#16	NZ_JFJL01000018.1	GCF_000708165.1
WP_000088206.1#16|Escherichia_coli	297	+	+	8	2622	2918	18836	19132	WP_001111280.1#16	NZ_JFJL01000018.1	GCF_000708165.1
WP_000088206.1#16|Escherichia_coli	282	+	+	36	2938	3219	19152	19433	WP_000773125.1#16	NZ_JFJL01000018.1	GCF_000708165.1
WP_000088206.1#16|Escherichia_coli	165	+	+	15	3216	3380	19430	19594	WP_001214456.1#16	NZ_JFJL01000018.1	GCF_000708165.1



WP_049074210.1#17|Escherichia_fergusonii	1437	+	-	16	-5766	-4330	3068495	3069931	WP_000131498.1#17	NZ_CP057481.1	GCF_013836325.1
WP_049074210.1#17|Escherichia_fergusonii	891	+	-	2	-4340	-3450	3069921	3070811	WP_000539336.1#17	NZ_CP057481.1	GCF_013836325.1
WP_049074210.1#17|Escherichia_fergusonii	162	+	-	14	-3463	-3302	3070798	3070959	WP_000166961.1#17	NZ_CP057481.1	GCF_013836325.1
WP_049074210.1#17|Escherichia_fergusonii	297	+	-	1	-3269	-2973	3070992	3071288	WP_049074223.1#17	NZ_CP057481.1	GCF_013836325.1
WP_049074210.1#17|Escherichia_fergusonii	201	+	-	25	-2836	-2636	3071425	3071625	WP_000437871.1#17	NZ_CP057481.1	GCF_013836325.1
WP_049074210.1#17|Escherichia_fergusonii	714	+	+	3	-2535	-1822	3071726	3072439	WP_049074220.1#17	NZ_CP057481.1	GCF_013836325.1
WP_049074210.1#17|Escherichia_fergusonii	840	+	+	0	-1709	-870	3072552	3073391	WP_000788349.1#17	NZ_CP057481.1	GCF_013836325.1
WP_049074210.1#17|Escherichia_fergusonii	435	+	+	0	-854	-420	3073407	3073841	WP_049074211.1#17	NZ_CP057481.1	GCF_013836325.1
WP_049074210.1#17|Escherichia_fergusonii	363	+	+	56	1	363	3074262	3074624	WP_049074210.1#17	NZ_CP057481.1	GCF_013836325.1
WP_049074210.1#17|Escherichia_fergusonii	201	+	+	28	690	890	3074951	3075151	WP_000213975.1#17	NZ_CP057481.1	GCF_013836325.1
WP_049074210.1#17|Escherichia_fergusonii	135	+	+	24	1117	1251	3075378	3075512	WP_000972063.1#17	NZ_CP057481.1	GCF_013836325.1
WP_049074210.1#17|Escherichia_fergusonii	153	+	+	9	1236	1388	3075497	3075649	WP_001243355.1#17	NZ_CP057481.1	GCF_013836325.1
WP_049074210.1#17|Escherichia_fergusonii	606	+	+	10	1645	2250	3075906	3076511	WP_089588945.1#17	NZ_CP057481.1	GCF_013836325.1
WP_049074210.1#17|Escherichia_fergusonii	384	+	+	13	2250	2633	3076511	3076894	WP_089560458.1#17	NZ_CP057481.1	GCF_013836325.1
WP_049074210.1#17|Escherichia_fergusonii	297	+	+	8	2657	2953	3076918	3077214	WP_181665549.1#17	NZ_CP057481.1	GCF_013836325.1
WP_049074210.1#17|Escherichia_fergusonii	282	+	+	36	2973	3254	3077234	3077515	WP_181666354.1#17	NZ_CP057481.1	GCF_013836325.1
WP_049074210.1#17|Escherichia_fergusonii	165	+	+	15	3251	3415	3077512	3077676	WP_181665550.1#17	NZ_CP057481.1	GCF_013836325.1



STI23907.1#18|Escherichia_coli	822	-	-	2	-3851	-3030	3158065	3158886	STI23915.1#18	UGCE01000001.1	GCA_900449085.1
STI23907.1#18|Escherichia_coli	162	-	-	14	-3043	-2882	3157917	3158078	STI23914.1#18	UGCE01000001.1	GCA_900449085.1
STI23907.1#18|Escherichia_coli	297	-	-	1	-2849	-2553	3157588	3157884	STI23913.1#18	UGCE01000001.1	GCA_900449085.1
STI23907.1#18|Escherichia_coli	201	-	-	25	-2414	-2214	3157249	3157449	STI23912.1#18	UGCE01000001.1	GCA_900449085.1
STI23907.1#18|Escherichia_coli	354	-	+	3	-2113	-1760	3156795	3157148	STI23911.1#18	UGCE01000001.1	GCA_900449085.1
STI23907.1#18|Escherichia_coli	375	-	+	3	-1773	-1399	3156434	3156808	STI23910.1#18	UGCE01000001.1	GCA_900449085.1
STI23907.1#18|Escherichia_coli	438	-	+	0	-1391	-954	3155989	3156426	STI23909.1#18	UGCE01000001.1	GCA_900449085.1
STI23907.1#18|Escherichia_coli	372	-	+	0	-967	-596	3155631	3156002	STI23908.1#18	UGCE01000001.1	GCA_900449085.1
STI23907.1#18|Escherichia_coli	384	-	+	56	1	384	3154651	3155034	STI23907.1#18	UGCE01000001.1	GCA_900449085.1
STI23907.1#18|Escherichia_coli	225	-	+	45	388	612	3154423	3154647	STI23906.1#18	UGCE01000001.1	GCA_900449085.1
STI23907.1#18|Escherichia_coli	324	-	+	41	675	998	3154037	3154360	STI23905.1#18	UGCE01000001.1	GCA_900449085.1
STI23907.1#18|Escherichia_coli	135	-	+	24	1223	1357	3153678	3153812	STI23904.1#18	UGCE01000001.1	GCA_900449085.1
STI23907.1#18|Escherichia_coli	153	-	+	9	1342	1494	3153541	3153693	STI23903.1#18	UGCE01000001.1	GCA_900449085.1
STI23907.1#18|Escherichia_coli	171	-	+	29	1570	1740	3153295	3153465	STI23902.1#18	UGCE01000001.1	GCA_900449085.1
STI23907.1#18|Escherichia_coli	606	-	+	10	1751	2356	3152679	3153284	STI23901.1#18	UGCE01000001.1	GCA_900449085.1
STI23907.1#18|Escherichia_coli	384	-	+	13	2356	2739	3152296	3152679	STI23900.1#18	UGCE01000001.1	GCA_900449085.1
STI23907.1#18|Escherichia_coli	294	-	+	8	2763	3056	3151979	3152272	STI23899.1#18	UGCE01000001.1	GCA_900449085.1



WP_001434513.1#19|Escherichia_coli	411	-	-	2	-3706	-3296	211031	211441	WP_143358684.1#19	NZ_UEJQ01000005.1	GCF_900490125.1
WP_001434513.1#19|Escherichia_coli	297	-	-	1	-3263	-2967	210702	210998	WP_000195204.1#19	NZ_UEJQ01000005.1	GCF_900490125.1
WP_001434513.1#19|Escherichia_coli	228	-	-	11	-2860	-2633	210368	210595	WP_001180318.1#19	NZ_UEJQ01000005.1	GCF_900490125.1
WP_001434513.1#19|Escherichia_coli	708	-	+	5	-2554	-1847	209582	210289	WP_000250469.1#19	NZ_UEJQ01000005.1	GCF_900490125.1
WP_001434513.1#19|Escherichia_coli	543	-	+	0	-1749	-1207	208942	209484	WP_040093238.1#19	NZ_UEJQ01000005.1	GCF_900490125.1
WP_001434513.1#19|Escherichia_coli	777	-	+	0	-1219	-443	208178	208954	WP_000528775.1#19	NZ_UEJQ01000005.1	GCF_900490125.1
WP_001434513.1#19|Escherichia_coli	336	-	+	56	1	336	207399	207734	WP_001434513.1#19	NZ_UEJQ01000005.1	GCF_900490125.1
WP_001434513.1#19|Escherichia_coli	180	-	+	28	415	594	207141	207320	WP_071533307.1#19	NZ_UEJQ01000005.1	GCF_900490125.1
WP_001434513.1#19|Escherichia_coli	369	-	+	6	798	1166	206569	206937	WP_000065374.1#19	NZ_UEJQ01000005.1	GCF_900490125.1
WP_001434513.1#19|Escherichia_coli	165	-	+	4	1239	1403	206332	206496	WP_001198860.1#19	NZ_UEJQ01000005.1	GCF_900490125.1
WP_001434513.1#19|Escherichia_coli	165	-	+	7	1372	1536	206199	206363	WP_001371715.1#19	NZ_UEJQ01000005.1	GCF_900490125.1
WP_001434513.1#19|Escherichia_coli	297	-	+	19	1590	1886	205849	206145	WP_000995439.1#19	NZ_UEJQ01000005.1	GCF_900490125.1
WP_001434513.1#19|Escherichia_coli	786	-	+	18	1892	2677	205058	205843	WP_000100844.1#19	NZ_UEJQ01000005.1	GCF_900490125.1
WP_001434513.1#19|Escherichia_coli	681	-	+	20	2674	3354	204381	205061	WP_000186784.1#19	NZ_UEJQ01000005.1	GCF_900490125.1
WP_001434513.1#19|Escherichia_coli	183	-	+	27	3351	3533	204202	204384	WP_000149544.1#19	NZ_UEJQ01000005.1	GCF_900490125.1



WP_000088201.1#20|Escherichia_coli	888	+	-	0	-4523	-3636	453077	453964	WP_042034133.1#20	NZ_WTPR01000001.1	GCF_009795595.1
WP_000088201.1#20|Escherichia_coli	801	+	-	0	-3624	-2824	453976	454776	WP_001549473.1#20	NZ_WTPR01000001.1	GCF_009795595.1
WP_000088201.1#20|Escherichia_coli	297	+	-	1	-2802	-2506	454798	455094	WP_160371130.1#20	NZ_WTPR01000001.1	GCF_009795595.1
WP_000088201.1#20|Escherichia_coli	234	+	-	23	-2367	-2134	455233	455466	WP_000064149.1#20	NZ_WTPR01000001.1	GCF_009795595.1
WP_000088201.1#20|Escherichia_coli	705	+	+	5	-2020	-1316	455580	456284	WP_000428098.1#20	NZ_WTPR01000001.1	GCF_009795595.1
WP_000088201.1#20|Escherichia_coli	441	+	+	0	-1246	-806	456354	456794	WP_001549085.1#20	NZ_WTPR01000001.1	GCF_009795595.1
WP_000088201.1#20|Escherichia_coli	357	+	+	0	-809	-453	456791	457147	WP_001549084.1#20	NZ_WTPR01000001.1	GCF_009795595.1
WP_000088201.1#20|Escherichia_coli	181	+	+	58	-157	23	457443	457623	pseudogene_20.16*#20	NZ_WTPR01000001.1	GCF_009795595.1
WP_000088201.1#20|Escherichia_coli	273	+	+	56	1	273	457601	457873	WP_000088201.1#20	NZ_WTPR01000001.1	GCF_009795595.1
WP_000088201.1#20|Escherichia_coli	858	+	+	0	466	1323	458066	458923	WP_001117690.1#20	NZ_WTPR01000001.1	GCF_009795595.1
WP_000088201.1#20|Escherichia_coli	312	+	+	50	1643	1954	459243	459554	WP_000776961.1#20	NZ_WTPR01000001.1	GCF_009795595.1
WP_000088201.1#20|Escherichia_coli	171	+	+	22	2030	2200	459630	459800	WP_001183771.1#20	NZ_WTPR01000001.1	GCF_009795595.1
WP_000088201.1#20|Escherichia_coli	171	+	+	29	2276	2446	459876	460046	WP_202116352.1#20	NZ_WTPR01000001.1	GCF_009795595.1
WP_000088201.1#20|Escherichia_coli	606	+	+	10	2457	3062	460057	460662	WP_000031370.1#20	NZ_WTPR01000001.1	GCF_009795595.1
WP_000088201.1#20|Escherichia_coli	384	+	+	13	3062	3445	460662	461045	WP_000951325.1#20	NZ_WTPR01000001.1	GCF_009795595.1
WP_000088201.1#20|Escherichia_coli	297	+	+	8	3469	3765	461069	461365	WP_160371131.1#20	NZ_WTPR01000001.1	GCF_009795595.1
WP_000088201.1#20|Escherichia_coli	168	+	+	15	3776	3943	461376	461543	WP_001214453.1#20	NZ_WTPR01000001.1	GCF_009795595.1



WP_000088201.1#21|Escherichia_coli	291	-	-	32	-4679	-4389	1400316	1400606	WP_000145926.1#21	NZ_LDXE02000001.1	GCF_001039145.2
WP_000088201.1#21|Escherichia_coli	702	-	-	26	-4392	-3691	1399618	1400319	WP_000788880.1#21	NZ_LDXE02000001.1	GCF_001039145.2
WP_000088201.1#21|Escherichia_coli	939	-	-	2	-3694	-2756	1398683	1399621	WP_032167977.1#21	NZ_LDXE02000001.1	GCF_001039145.2
WP_000088201.1#21|Escherichia_coli	297	-	-	1	-2723	-2427	1398354	1398650	WP_096075729.1#21	NZ_LDXE02000001.1	GCF_001039145.2
WP_000088201.1#21|Escherichia_coli	234	-	-	23	-2288	-2055	1397982	1398215	WP_000064149.1#21	NZ_LDXE02000001.1	GCF_001039145.2
WP_000088201.1#21|Escherichia_coli	705	-	+	5	-1941	-1237	1397164	1397868	WP_000428099.1#21	NZ_LDXE02000001.1	GCF_001039145.2
WP_000088201.1#21|Escherichia_coli	363	-	+	0	-968	-606	1396533	1396895	WP_000193240.1#21	NZ_LDXE02000001.1	GCF_001039145.2
WP_000088201.1#21|Escherichia_coli	220	-	+	58	-196	23	1395904	1396123	pseudogene_21.1*#21	NZ_LDXE02000001.1	GCF_001039145.2
WP_000088201.1#21|Escherichia_coli	273	-	+	56	1	273	1395654	1395926	WP_000088201.1#21	NZ_LDXE02000001.1	GCF_001039145.2
WP_000088201.1#21|Escherichia_coli	540	-	-	40	297	836	1395091	1395630	WP_000073663.1#21	NZ_LDXE02000001.1	GCF_001039145.2
WP_000088201.1#21|Escherichia_coli	969	-	+	58	937	1905	1394022	1394990	pseudogene_21.16*#21	NZ_LDXE02000001.1	GCF_001039145.2
WP_000088201.1#21|Escherichia_coli	228	-	+	0	1939	2166	1393761	1393988	WP_024203717.1#21	NZ_LDXE02000001.1	GCF_001039145.2
WP_000088201.1#21|Escherichia_coli	969	-	+	58	2429	3397	1392530	1393498	pseudogene_21.6*#21	NZ_LDXE02000001.1	GCF_001039145.2
WP_000088201.1#21|Escherichia_coli	132	-	+	4	3422	3553	1392374	1392505	WP_000638547.1#21	NZ_LDXE02000001.1	GCF_001039145.2
WP_000088201.1#21|Escherichia_coli	153	-	+	9	3538	3690	1392237	1392389	WP_001243354.1#21	NZ_LDXE02000001.1	GCF_001039145.2
WP_000088201.1#21|Escherichia_coli	159	-	+	39	3687	3845	1392082	1392240	WP_000010964.1#21	NZ_LDXE02000001.1	GCF_001039145.2
WP_000088201.1#21|Escherichia_coli	606	-	+	10	3946	4551	1391376	1391981	WP_000031004.1#21	NZ_LDXE02000001.1	GCF_001039145.2



WP_000088205.1#22|Escherichia_coli_KTE12	666	-	-	26	-4215	-3550	367940	368605	WP_001517863.1#22	NZ_KB732262.1	GCF_000350725.1
WP_000088205.1#22|Escherichia_coli_KTE12	900	-	-	2	-3553	-2654	367044	367943	WP_000185506.1#22	NZ_KB732262.1	GCF_000350725.1
WP_000088205.1#22|Escherichia_coli_KTE12	297	-	-	1	-2621	-2325	366715	367011	WP_000438492.1#22	NZ_KB732262.1	GCF_000350725.1
WP_000088205.1#22|Escherichia_coli_KTE12	216	-	-	12	-2183	-1968	366358	366573	WP_000067727.1#22	NZ_KB732262.1	GCF_000350725.1
WP_000088205.1#22|Escherichia_coli_KTE12	696	-	+	3	-1892	-1197	365587	366282	WP_096246228.1#22	NZ_KB732262.1	GCF_000350725.1
WP_000088205.1#22|Escherichia_coli_KTE12	297	-	+	0	-1024	-728	365118	365414	WP_000854876.1#22	NZ_KB732262.1	GCF_000350725.1
WP_000088205.1#22|Escherichia_coli_KTE12	285	-	+	0	-716	-432	364822	365106	WP_000478870.1#22	NZ_KB732262.1	GCF_000350725.1
WP_000088205.1#22|Escherichia_coli_KTE12	223	-	+	58	-199	23	364367	364589	pseudogene_22.13*#22	NZ_KB732262.1	GCF_000350725.1
WP_000088205.1#22|Escherichia_coli_KTE12	273	-	+	56	1	273	364117	364389	WP_000088205.1#22	NZ_KB732262.1	GCF_000350725.1
WP_000088205.1#22|Escherichia_coli_KTE12	450	-	+	31	558	1007	363383	363832	WP_000392425.1#22	NZ_KB732262.1	GCF_000350725.1
WP_000088205.1#22|Escherichia_coli_KTE12	369	-	+	6	1203	1571	362819	363187	WP_000065359.1#22	NZ_KB732262.1	GCF_000350725.1
WP_000088205.1#22|Escherichia_coli_KTE12	165	-	+	4	1644	1808	362582	362746	WP_001198865.1#22	NZ_KB732262.1	GCF_000350725.1
WP_000088205.1#22|Escherichia_coli_KTE12	144	-	+	7	1777	1920	362470	362613	WP_000372937.1#22	NZ_KB732262.1	GCF_000350725.1
WP_000088205.1#22|Escherichia_coli_KTE12	297	-	+	19	1994	2290	362100	362396	WP_000995439.1#22	NZ_KB732262.1	GCF_000350725.1
WP_000088205.1#22|Escherichia_coli_KTE12	786	-	+	18	2296	3081	361309	362094	WP_000100847.1#22	NZ_KB732262.1	GCF_000350725.1
WP_000088205.1#22|Escherichia_coli_KTE12	681	-	+	20	3078	3758	360632	361312	WP_000611718.1#22	NZ_KB732262.1	GCF_000350725.1
WP_000088205.1#22|Escherichia_coli_KTE12	183	-	+	27	3755	3937	360453	360635	WP_000682305.1#22	NZ_KB732262.1	GCF_000350725.1



WP_032266375.1#23|Escherichia_coli	306	+	-	58	-3020	-2715	70	375	pseudogene_23.10*#23	NZ_JAAEIA010000093.1	GCF_013392455.1
WP_032266375.1#23|Escherichia_coli	297	+	-	1	-2682	-2386	408	704	WP_032266377.1#23	NZ_JAAEIA010000093.1	GCF_013392455.1
WP_032266375.1#23|Escherichia_coli	228	+	-	11	-2279	-2052	811	1038	WP_001180318.1#23	NZ_JAAEIA010000093.1	GCF_013392455.1
WP_032266375.1#23|Escherichia_coli	708	+	+	5	-1973	-1266	1117	1824	WP_032266376.1#23	NZ_JAAEIA010000093.1	GCF_013392455.1
WP_032266375.1#23|Escherichia_coli	321	+	+	54	-1057	-737	2033	2353	WP_235727383.1#23	NZ_JAAEIA010000093.1	GCF_013392455.1
WP_032266375.1#23|Escherichia_coli	309	+	+	56	1	309	3091	3399	WP_032266375.1#23	NZ_JAAEIA010000093.1	GCF_013392455.1
WP_032266375.1#23|Escherichia_coli	240	+	+	55	367	606	3457	3696	WP_248784791.1#23	NZ_JAAEIA010000093.1	GCF_013392455.1
WP_032266375.1#23|Escherichia_coli	165	+	-	52	607	771	3697	3861	WP_164997364.1#23	NZ_JAAEIA010000093.1	GCF_013392455.1
WP_032266375.1#23|Escherichia_coli	414	+	+	31	948	1361	4038	4451	WP_194241937.1#23	NZ_JAAEIA010000093.1	GCF_013392455.1
WP_032266375.1#23|Escherichia_coli	243	+	+	46	1402	1644	4492	4734	WP_032266373.1#23	NZ_JAAEIA010000093.1	GCF_013392455.1
WP_032266375.1#23|Escherichia_coli	471	+	+	37	1702	2172	4792	5262	WP_032266372.1#23	NZ_JAAEIA010000093.1	GCF_013392455.1
WP_032266375.1#23|Escherichia_coli	369	+	+	6	2323	2691	5413	5781	WP_032266371.1#23	NZ_JAAEIA010000093.1	GCF_013392455.1
WP_032266375.1#23|Escherichia_coli	165	+	+	4	2764	2928	5854	6018	WP_001198861.1#23	NZ_JAAEIA010000093.1	GCF_013392455.1
WP_032266375.1#23|Escherichia_coli	144	+	+	7	2897	3040	5987	6130	WP_000372937.1#23	NZ_JAAEIA010000093.1	GCF_013392455.1



WP_000088206.1#24|Escherichia_coli	291	+	-	32	-4701	-4411	4785	5075	WP_000145926.1#24	NZ_JHTJ01000064.1	GCF_001267335.1
WP_000088206.1#24|Escherichia_coli	702	+	-	26	-4414	-3713	5072	5773	WP_000788881.1#24	NZ_JHTJ01000064.1	GCF_001267335.1
WP_000088206.1#24|Escherichia_coli	900	+	-	2	-3716	-2817	5770	6669	WP_000185505.1#24	NZ_JHTJ01000064.1	GCF_001267335.1
WP_000088206.1#24|Escherichia_coli	297	+	-	1	-2784	-2488	6702	6998	WP_052929900.1#24	NZ_JHTJ01000064.1	GCF_001267335.1
WP_000088206.1#24|Escherichia_coli	216	+	-	12	-2346	-2131	7140	7355	WP_000067727.1#24	NZ_JHTJ01000064.1	GCF_001267335.1
WP_000088206.1#24|Escherichia_coli	696	+	+	3	-2056	-1361	7430	8125	WP_096246228.1#24	NZ_JHTJ01000064.1	GCF_001267335.1
WP_000088206.1#24|Escherichia_coli	843	+	+	0	-1280	-438	8206	9048	WP_000032717.1#24	NZ_JHTJ01000064.1	GCF_001267335.1
WP_000088206.1#24|Escherichia_coli	223	+	+	58	-199	23	9287	9509	pseudogene_24.10*#24	NZ_JHTJ01000064.1	GCF_001267335.1
WP_000088206.1#24|Escherichia_coli	273	+	+	56	1	273	9487	9759	WP_000088206.1#24	NZ_JHTJ01000064.1	GCF_001267335.1
WP_000088206.1#24|Escherichia_coli	471	+	+	37	332	802	9818	10288	WP_000167595.1#24	NZ_JHTJ01000064.1	GCF_001267335.1
WP_000088206.1#24|Escherichia_coli	369	+	+	6	953	1321	10439	10807	WP_000065364.1#24	NZ_JHTJ01000064.1	GCF_001267335.1
WP_000088206.1#24|Escherichia_coli	135	+	+	24	1397	1531	10883	11017	WP_000972063.1#24	NZ_JHTJ01000064.1	GCF_001267335.1
WP_000088206.1#24|Escherichia_coli	153	+	+	9	1516	1668	11002	11154	WP_001243355.1#24	NZ_JHTJ01000064.1	GCF_001267335.1
WP_000088206.1#24|Escherichia_coli	708	+	+	17	1923	2630	11409	12116	WP_000365290.1#24	NZ_JHTJ01000064.1	GCF_001267335.1
WP_000088206.1#24|Escherichia_coli	114	+	+	21	2631	2744	12117	12230	WP_139785542.1#24	NZ_JHTJ01000064.1	GCF_001267335.1



WP_236942046.1#25|Escherichia_coli	441	-	-	53	-5385	-4945	47576	48016	WP_038348709.1#25	NZ_JAHATP010000076.1	GCF_024354615.1
WP_236942046.1#25|Escherichia_coli	1377	-	-	16	-4871	-3495	46126	47502	WP_001248388.1#25	NZ_JAHATP010000076.1	GCF_024354615.1
WP_236942046.1#25|Escherichia_coli	888	-	-	2	-3498	-2611	45242	46129	WP_033559557.1#25	NZ_JAHATP010000076.1	GCF_024354615.1
WP_236942046.1#25|Escherichia_coli	273	-	-	0	-2548	-2276	44907	45179	WP_001244625.1#25	NZ_JAHATP010000076.1	GCF_024354615.1
WP_236942046.1#25|Escherichia_coli	297	-	-	1	-2253	-1957	44588	44884	WP_255059331.1#25	NZ_JAHATP010000076.1	GCF_024354615.1
WP_236942046.1#25|Escherichia_coli	225	-	-	0	-1859	-1635	44266	44490	WP_001054987.1#25	NZ_JAHATP010000076.1	GCF_024354615.1
WP_236942046.1#25|Escherichia_coli	708	-	+	0	-1523	-816	43447	44154	WP_187642120.1#25	NZ_JAHATP010000076.1	GCF_024354615.1
WP_236942046.1#25|Escherichia_coli	297	-	+	0	-775	-479	43110	43406	WP_059217898.1#25	NZ_JAHATP010000076.1	GCF_024354615.1
WP_236942046.1#25|Escherichia_coli	207	-	+	56	1	207	42424	42630	WP_236942046.1#25	NZ_JAHATP010000076.1	GCF_024354615.1
WP_236942046.1#25|Escherichia_coli	453	-	+	0	210	662	41969	42421	WP_097563651.1#25	NZ_JAHATP010000076.1	GCF_024354615.1
WP_236942046.1#25|Escherichia_coli	450	-	+	31	959	1408	41223	41672	WP_205852932.1#25	NZ_JAHATP010000076.1	GCF_024354615.1
WP_236942046.1#25|Escherichia_coli	135	-	+	24	1648	1782	40849	40983	WP_000972063.1#25	NZ_JAHATP010000076.1	GCF_024354615.1
WP_236942046.1#25|Escherichia_coli	153	-	+	9	1767	1919	40712	40864	WP_001243355.1#25	NZ_JAHATP010000076.1	GCF_024354615.1
WP_236942046.1#25|Escherichia_coli	171	-	+	29	1995	2165	40466	40636	WP_255081243.1#25	NZ_JAHATP010000076.1	GCF_024354615.1
WP_236942046.1#25|Escherichia_coli	606	-	+	10	2176	2781	39850	40455	WP_000031370.1#25	NZ_JAHATP010000076.1	GCF_024354615.1
WP_236942046.1#25|Escherichia_coli	384	-	+	13	2781	3164	39467	39850	WP_000951325.1#25	NZ_JAHATP010000076.1	GCF_024354615.1
WP_236942046.1#25|Escherichia_coli	297	-	+	8	3188	3484	39147	39443	WP_255081239.1#25	NZ_JAHATP010000076.1	GCF_024354615.1



